{
  "b": 209,
  "disableInputWhenNotFocused": true,
  "mangledName": "Menu",
  "name": "Menu",
  "r": 209,
  "standardSortMethod": true,
  "stopSoundsOnStartup": true,
  "title": "",
  "v": 209,
  "uiSettings": {},
  "objectsGroups": [],
  "variables": [],
  "instances": [],
  "objects": [
    {
      "assetStoreId": "",
      "height": 32,
      "name": "NewTiledSprite",
      "tags": "",
      "texture": "",
      "type": "TiledSpriteObject::TiledSprite",
      "width": 32,
      "variables": [],
      "effects": [],
      "behaviors": []
    }
  ],
  "events": [],
  "layers": [
    {
      "ambientLightColorB": 8341600,
      "ambientLightColorG": 150995054,
      "ambientLightColorR": 1869182049,
      "followBaseLayerCamera": false,
      "isLightingLayer": false,
      "name": "",
      "visibility": true,
      "cameras": [
        {
          "defaultSize": true,
          "defaultViewport": true,
          "height": 0,
          "viewportBottom": 1,
          "viewportLeft": 0,
          "viewportRight": 1,
          "viewportTop": 0,
          "width": 0
        }
      ],
      "effects": []
    }
  ],
  "behaviorsSharedData": []
}