{
  "b": 209,
  "disableInputWhenNotFocused": true,
  "mangledName": "Store",
  "name": "Store",
  "r": 209,
  "standardSortMethod": true,
  "stopSoundsOnStartup": true,
  "title": "",
  "v": 209,
  "uiSettings": {
    "grid": false,
    "gridType": "rectangular",
    "gridWidth": 32,
    "gridHeight": 32,
    "gridOffsetX": 0,
    "gridOffsetY": 0,
    "gridColor": 10401023,
    "gridAlpha": 0.8,
    "snap": false,
    "zoomFactor": 0.7029250097274781,
    "windowMask": false
  },
  "objectsGroups": [],
  "variables": [],
  "instances": [
    {
      "angle": 0,
      "customSize": true,
      "height": 108,
      "layer": "",
      "name": "NewSprite",
      "persistentUuid": "8fc0da29-bc0c-4bbc-833e-fba878584701",
      "width": 132,
      "x": 308,
      "y": 91,
      "zOrder": 1,
      "numberProperties": [],
      "stringProperties": [],
      "initialVariables": []
    },
    {
      "angle": 0,
      "customSize": false,
      "height": 0,
      "layer": "",
      "name": "button",
      "persistentUuid": "c8f8e299-7212-4d21-824b-15d674b3cf37",
      "width": 0,
      "x": 454,
      "y": 83,
      "zOrder": 2,
      "numberProperties": [],
      "stringProperties": [],
      "initialVariables": []
    },
    {
      "angle": 0,
      "customSize": true,
      "height": 43,
      "layer": "",
      "name": "Money",
      "persistentUuid": "affaeda6-9cbc-4f25-92ad-aec57322cc46",
      "width": 197,
      "x": 21,
      "y": 96,
      "zOrder": 3,
      "numberProperties": [],
      "stringProperties": [],
      "initialVariables": []
    },
    {
      "angle": 0,
      "customSize": true,
      "height": 32,
      "layer": "",
      "name": "Seeds",
      "persistentUuid": "efa64f33-eb8d-4ba0-a1f3-abe5f1d17787",
      "width": 207,
      "x": 15,
      "y": 198,
      "zOrder": 4,
      "numberProperties": [],
      "stringProperties": [],
      "initialVariables": []
    },
    {
      "angle": 0,
      "customSize": true,
      "height": 34,
      "layer": "",
      "name": "Plants",
      "persistentUuid": "55a89353-d8dc-4b0c-bb80-1762532ecdfc",
      "width": 193,
      "x": 15,
      "y": 288,
      "zOrder": 5,
      "numberProperties": [],
      "stringProperties": [],
      "initialVariables": []
    },
    {
      "angle": 0,
      "customSize": true,
      "height": 94,
      "layer": "",
      "name": "LargeExitButton",
      "persistentUuid": "9a3b5184-9058-4c5a-97ed-e1caf9d1b15c",
      "width": 259,
      "x": 32,
      "y": 469,
      "zOrder": 6,
      "numberProperties": [],
      "stringProperties": [],
      "initialVariables": []
    }
  ],
  "objects": [
    {
      "assetStoreId": "",
      "name": "NewSprite",
      "tags": "",
      "type": "Sprite",
      "updateIfNotVisible": false,
      "variables": [],
      "effects": [],
      "behaviors": [],
      "animations": [
        {
          "name": "seed",
          "useMultipleDirections": false,
          "directions": [
            {
              "looping": false,
              "timeBetweenFrames": 0.07999999821186066,
              "sprites": [
                {
                  "hasCustomCollisionMask": false,
                  "image": "seed.png",
                  "points": [],
                  "originPoint": {
                    "name": "origine",
                    "x": 0,
                    "y": 0
                  },
                  "centerPoint": {
                    "automatic": true,
                    "name": "centre",
                    "x": 0,
                    "y": 0
                  },
                  "customCollisionMask": []
                }
              ]
            }
          ]
        }
      ]
    },
    {
      "assetStoreId": "904f796b103b763ff78660637334b1b6ca6c2d3003e87e27b9e7133528b6ccba",
      "name": "button",
      "tags": "",
      "type": "Sprite",
      "updateIfNotVisible": false,
      "variables": [],
      "effects": [],
      "behaviors": [],
      "animations": [
        {
          "name": "",
          "useMultipleDirections": false,
          "directions": [
            {
              "looping": true,
              "timeBetweenFrames": 0.02500000037252903,
              "sprites": [
                {
                  "hasCustomCollisionMask": false,
                  "image": "Large Buy Button.png",
                  "points": [],
                  "originPoint": {
                    "name": "origine",
                    "x": 0,
                    "y": 0
                  },
                  "centerPoint": {
                    "automatic": true,
                    "name": "centre",
                    "x": 0,
                    "y": 0
                  },
                  "customCollisionMask": []
                }
              ]
            }
          ]
        }
      ]
    },
    {
      "assetStoreId": "",
      "bold": false,
      "italic": false,
      "name": "Seeds",
      "smoothed": true,
      "tags": "",
      "type": "TextObject::Text",
      "underlined": false,
      "variables": [],
      "effects": [],
      "behaviors": [],
      "string": "Seeds: ",
      "font": "",
      "characterSize": 30,
      "color": {
        "b": 0,
        "g": 0,
        "r": 0
      }
    },
    {
      "assetStoreId": "",
      "bold": false,
      "italic": false,
      "name": "Money",
      "smoothed": true,
      "tags": "",
      "type": "TextObject::Text",
      "underlined": false,
      "variables": [],
      "effects": [],
      "behaviors": [],
      "string": "$              ",
      "font": "",
      "characterSize": 30,
      "color": {
        "b": 0,
        "g": 0,
        "r": 0
      }
    },
    {
      "assetStoreId": "",
      "bold": false,
      "italic": false,
      "name": "Plants",
      "smoothed": true,
      "tags": "",
      "type": "TextObject::Text",
      "underlined": false,
      "variables": [],
      "effects": [],
      "behaviors": [],
      "string": "Plants:",
      "font": "",
      "characterSize": 30,
      "color": {
        "b": 0,
        "g": 0,
        "r": 0
      }
    },
    {
      "assetStoreId": "4de6f6b3cfbc080e0612304d9a50b8c88dc2e9f995be50b68736f8fbfc9151a1",
      "name": "LargeExitButton",
      "tags": "",
      "type": "Sprite",
      "updateIfNotVisible": false,
      "variables": [],
      "effects": [],
      "behaviors": [],
      "animations": [
        {
          "name": "",
          "useMultipleDirections": false,
          "directions": [
            {
              "looping": true,
              "timeBetweenFrames": 0.02500000037252903,
              "sprites": [
                {
                  "hasCustomCollisionMask": false,
                  "image": "Large Exit Button.png",
                  "points": [],
                  "originPoint": {
                    "name": "origine",
                    "x": 0,
                    "y": 0
                  },
                  "centerPoint": {
                    "automatic": true,
                    "name": "centre",
                    "x": 0,
                    "y": 0
                  },
                  "customCollisionMask": []
                }
              ]
            }
          ]
        }
      ]
    }
  ],
  "events": [
    {
      "type": "BuiltinCommonInstructions::Standard",
      "conditions": [
        {
          "type": {
            "value": "MouseButtonReleased"
          },
          "parameters": [
            "",
            "Left"
          ]
        },
        {
          "type": {
            "value": "SourisSurObjet"
          },
          "parameters": [
            "button",
            "",
            "",
            ""
          ]
        },
        {
          "type": {
            "value": "VarGlobal"
          },
          "parameters": [
            "money",
            ">",
            "20"
          ]
        }
      ],
      "actions": [
        {
          "type": {
            "value": "ModVarGlobal"
          },
          "parameters": [
            "money",
            "-",
            "20"
          ]
        },
        {
          "type": {
            "value": "ModVarGlobal"
          },
          "parameters": [
            "inventory.#ofSeeds",
            "+",
            "5"
          ]
        },
        {
          "type": {
            "value": "TextObject::String"
          },
          "parameters": [
            "Money",
            "=",
            "\"$\" + ToString(GlobalVariable(money))"
          ]
        },
        {
          "type": {
            "value": "TextObject::String"
          },
          "parameters": [
            "Seeds",
            "=",
            "\"Seeds:\" + ToString(GlobalVariable(inventory.#ofSeeds))"
          ]
        }
      ]
    },
    {
      "type": "BuiltinCommonInstructions::Standard",
      "conditions": [
        {
          "type": {
            "value": "MouseButtonReleased"
          },
          "parameters": [
            "",
            "Left"
          ]
        },
        {
          "type": {
            "value": "SourisSurObjet"
          },
          "parameters": [
            "LargeExitButton",
            "",
            "",
            ""
          ]
        }
      ],
      "actions": [
        {
          "type": {
            "value": "Scene"
          },
          "parameters": [
            "",
            "\"Untitled scene\"",
            ""
          ]
        }
      ]
    },
    {
      "type": "BuiltinCommonInstructions::Standard",
      "conditions": [],
      "actions": [
        {
          "type": {
            "value": "TextObject::String"
          },
          "parameters": [
            "Money",
            "=",
            "\"Money: \" + ToString(GlobalVariable(money))"
          ]
        },
        {
          "type": {
            "value": "TextObject::String"
          },
          "parameters": [
            "Plants",
            "=",
            "\"Plants: \" + ToString(GlobalVariable(inventory.#ofPlants))"
          ]
        },
        {
          "type": {
            "value": "TextObject::String"
          },
          "parameters": [
            "Seeds",
            "=",
            "\"Seeds: \" + ToString(GlobalVariable(inventory.#ofSeeds))"
          ]
        }
      ]
    },
    {
      "type": "BuiltinCommonInstructions::Standard",
      "conditions": [],
      "actions": []
    },
    {
      "type": "BuiltinCommonInstructions::Comment",
      "color": {
        "b": 109,
        "g": 230,
        "r": 255,
        "textB": 0,
        "textG": 0,
        "textR": 0
      },
      "comment": "hey so if you want to check when they press something and it doesn't run the code 1293832109830924 times, use mouse release👍 (literally any input happens 0123131 times, make sure to use release for anything so it only happens once)",
      "comment2": ""
    }
  ],
  "layers": [
    {
      "ambientLightColorB": 7693496,
      "ambientLightColorG": 7693496,
      "ambientLightColorR": 1869182049,
      "followBaseLayerCamera": false,
      "isLightingLayer": false,
      "name": "",
      "visibility": true,
      "cameras": [
        {
          "defaultSize": true,
          "defaultViewport": true,
          "height": 0,
          "viewportBottom": 1,
          "viewportLeft": 0,
          "viewportRight": 1,
          "viewportTop": 0,
          "width": 0
        }
      ],
      "effects": []
    }
  ],
  "behaviorsSharedData": []
}