{
  "b": 209,
  "disableInputWhenNotFocused": true,
  "mangledName": "Untitled_32scene",
  "name": "Untitled scene",
  "r": 209,
  "standardSortMethod": true,
  "stopSoundsOnStartup": true,
  "title": "",
  "v": 209,
  "uiSettings": {
    "grid": true,
    "gridType": "rectangular",
    "gridWidth": 64,
    "gridHeight": 64,
    "gridOffsetX": 0,
    "gridOffsetY": 0,
    "gridColor": 10401023,
    "gridAlpha": 0.8,
    "snap": true,
    "zoomFactor": 0.5176,
    "windowMask": false
  },
  "objectsGroups": [],
  "variables": [
    {
      "folded": true,
      "name": "invetory",
      "type": "structure",
      "children": []
    }
  ],
  "instances": [
    {
      "angle": 0,
      "customSize": true,
      "height": 124,
      "layer": "",
      "name": "Farmer",
      "persistentUuid": "eaad9f7d-182e-4de5-856f-38c82a1ffacd",
      "width": 118,
      "x": 708.8762817382812,
      "y": 445.432861328125,
      "zOrder": 1,
      "numberProperties": [],
      "stringProperties": [],
      "initialVariables": []
    },
    {
      "angle": 0,
      "customSize": true,
      "height": 32,
      "layer": "Ui",
      "name": "CornSeedsText",
      "persistentUuid": "8edb5742-049c-4ecb-b8c9-e90440c3d904",
      "width": 168,
      "x": 7,
      "y": 7,
      "zOrder": 2,
      "numberProperties": [],
      "stringProperties": [],
      "initialVariables": []
    },
    {
      "angle": 0,
      "customSize": false,
      "height": 0,
      "layer": "",
      "name": "Market",
      "persistentUuid": "7cd05d21-6aa9-4cfe-805e-3c821655743d",
      "width": 0,
      "x": 153,
      "y": -240,
      "zOrder": 3,
      "numberProperties": [],
      "stringProperties": [],
      "initialVariables": []
    },
    {
      "angle": 0,
      "customSize": true,
      "height": 42,
      "layer": "Ui",
      "name": "Money",
      "persistentUuid": "b061453d-0ef0-4211-a76d-f4daef753ce6",
      "width": 139,
      "x": 580,
      "y": 3,
      "zOrder": 4,
      "numberProperties": [],
      "stringProperties": [],
      "initialVariables": []
    },
    {
      "angle": 0,
      "customSize": false,
      "height": 0,
      "layer": "Ui",
      "name": "NewText",
      "persistentUuid": "f8e87210-862c-4b31-8086-07c35bb6410f",
      "width": 0,
      "x": 192,
      "y": 5,
      "zOrder": 5,
      "numberProperties": [],
      "stringProperties": [],
      "initialVariables": []
    },
    {
      "angle": 0,
      "customSize": false,
      "height": 32,
      "layer": "",
      "name": "Soil",
      "persistentUuid": "c3c43390-c85d-43ea-a858-7f211e6ec57c",
      "width": 32,
      "x": 320,
      "y": 192,
      "zOrder": 6,
      "numberProperties": [],
      "stringProperties": [],
      "initialVariables": []
    },
    {
      "angle": 0,
      "customSize": false,
      "height": 0,
      "layer": "",
      "name": "Soil",
      "persistentUuid": "55198c70-8b02-40cc-be71-9a85d5735e32",
      "width": 0,
      "x": 512,
      "y": 192,
      "zOrder": 7,
      "numberProperties": [],
      "stringProperties": [],
      "initialVariables": []
    },
    {
      "angle": 0,
      "customSize": false,
      "height": 0,
      "layer": "",
      "name": "Soil",
      "persistentUuid": "f7432e9d-ddeb-4f12-a6fe-7df0456942ec",
      "width": 0,
      "x": 448,
      "y": 192,
      "zOrder": 8,
      "numberProperties": [],
      "stringProperties": [],
      "initialVariables": []
    },
    {
      "angle": 0,
      "customSize": false,
      "height": 0,
      "layer": "",
      "name": "Fence",
      "persistentUuid": "313ed95f-6b80-40db-913f-16f69301c4a4",
      "width": 0,
      "x": 614,
      "y": 188,
      "zOrder": 9,
      "numberProperties": [],
      "stringProperties": [],
      "initialVariables": []
    },
    {
      "angle": 0,
      "customSize": false,
      "height": 0,
      "layer": "",
      "name": "Soil",
      "persistentUuid": "10ed3bfd-16d3-476d-86a2-5902e576b1a2",
      "width": 0,
      "x": 384,
      "y": 192,
      "zOrder": 10,
      "numberProperties": [],
      "stringProperties": [],
      "initialVariables": []
    },
    {
      "angle": 0,
      "customSize": false,
      "height": 32,
      "layer": "",
      "name": "Soil",
      "persistentUuid": "3f23cb50-67c1-43b3-bd47-c3c218596975",
      "width": 32,
      "x": 256,
      "y": 192,
      "zOrder": 6,
      "numberProperties": [],
      "stringProperties": [],
      "initialVariables": []
    },
    {
      "angle": 0,
      "customSize": false,
      "height": 32,
      "layer": "",
      "name": "Soil",
      "persistentUuid": "d6c45e17-892c-471c-919e-05a3dd505065",
      "width": 32,
      "x": 256,
      "y": 192,
      "zOrder": 6,
      "numberProperties": [],
      "stringProperties": [],
      "initialVariables": []
    },
    {
      "angle": 0,
      "customSize": false,
      "height": 32,
      "layer": "",
      "name": "Soil",
      "persistentUuid": "24118ebe-8f8a-4868-b1e8-29665bdadf18",
      "width": 32,
      "x": 192,
      "y": 192,
      "zOrder": 6,
      "numberProperties": [],
      "stringProperties": [],
      "initialVariables": []
    },
    {
      "angle": 0,
      "customSize": false,
      "height": 32,
      "layer": "",
      "name": "Soil",
      "persistentUuid": "f2a6d021-02dc-4aae-86e1-2bd9f9be1704",
      "width": 32,
      "x": 128,
      "y": 192,
      "zOrder": 6,
      "numberProperties": [],
      "stringProperties": [],
      "initialVariables": []
    },
    {
      "angle": 0,
      "customSize": false,
      "height": 32,
      "layer": "",
      "name": "Soil",
      "persistentUuid": "182bf0e9-9610-44b2-97d5-58be39c3bdf9",
      "width": 32,
      "x": 128,
      "y": 192,
      "zOrder": 6,
      "numberProperties": [],
      "stringProperties": [],
      "initialVariables": []
    },
    {
      "angle": 0,
      "customSize": false,
      "height": 32,
      "layer": "",
      "name": "Soil",
      "persistentUuid": "c644f5c5-2465-478b-ab66-e274e99cd3a5",
      "width": 32,
      "x": 64,
      "y": 192,
      "zOrder": 6,
      "numberProperties": [],
      "stringProperties": [],
      "initialVariables": []
    },
    {
      "angle": 0,
      "customSize": false,
      "height": 32,
      "layer": "",
      "name": "Soil",
      "persistentUuid": "a2793a94-ca33-4bec-b4cf-4a55932f296f",
      "width": 32,
      "x": 64,
      "y": 256,
      "zOrder": 6,
      "numberProperties": [],
      "stringProperties": [],
      "initialVariables": []
    },
    {
      "angle": 0,
      "customSize": false,
      "height": 32,
      "layer": "",
      "name": "Soil",
      "persistentUuid": "9b8e56cd-da9c-463a-af61-99760ace6849",
      "width": 32,
      "x": 128,
      "y": 256,
      "zOrder": 6,
      "numberProperties": [],
      "stringProperties": [],
      "initialVariables": []
    },
    {
      "angle": 0,
      "customSize": false,
      "height": 32,
      "layer": "",
      "name": "Soil",
      "persistentUuid": "ce622044-d0a1-4099-a18a-41551ba15d67",
      "width": 32,
      "x": 192,
      "y": 256,
      "zOrder": 6,
      "numberProperties": [],
      "stringProperties": [],
      "initialVariables": []
    },
    {
      "angle": 0,
      "customSize": false,
      "height": 32,
      "layer": "",
      "name": "Soil",
      "persistentUuid": "0f3ea874-22dc-4999-87d5-16a415c84f65",
      "width": 32,
      "x": 256,
      "y": 256,
      "zOrder": 6,
      "numberProperties": [],
      "stringProperties": [],
      "initialVariables": []
    },
    {
      "angle": 0,
      "customSize": false,
      "height": 32,
      "layer": "",
      "name": "Soil",
      "persistentUuid": "d1336656-9c94-4278-a02c-05ad3eefcfcf",
      "width": 32,
      "x": 384,
      "y": 256,
      "zOrder": 6,
      "numberProperties": [],
      "stringProperties": [],
      "initialVariables": []
    },
    {
      "angle": 0,
      "customSize": false,
      "height": 32,
      "layer": "",
      "name": "Soil",
      "persistentUuid": "90f6750a-2f8b-4f38-b903-52ac0631b106",
      "width": 32,
      "x": 320,
      "y": 256,
      "zOrder": 6,
      "numberProperties": [],
      "stringProperties": [],
      "initialVariables": []
    },
    {
      "angle": 0,
      "customSize": false,
      "height": 32,
      "layer": "",
      "name": "Soil",
      "persistentUuid": "a4a200f3-5096-4da9-b3cd-8a8a50cb7f5f",
      "width": 32,
      "x": 384,
      "y": 256,
      "zOrder": 6,
      "numberProperties": [],
      "stringProperties": [],
      "initialVariables": []
    },
    {
      "angle": 0,
      "customSize": false,
      "height": 32,
      "layer": "",
      "name": "Soil",
      "persistentUuid": "3deeb575-9844-4699-91fe-e61c8060fba8",
      "width": 32,
      "x": 448,
      "y": 256,
      "zOrder": 6,
      "numberProperties": [],
      "stringProperties": [],
      "initialVariables": []
    },
    {
      "angle": 0,
      "customSize": false,
      "height": 32,
      "layer": "",
      "name": "Soil",
      "persistentUuid": "9a7c9618-bb78-46f2-afdb-5a6795954ba6",
      "width": 32,
      "x": 512,
      "y": 256,
      "zOrder": 6,
      "numberProperties": [],
      "stringProperties": [],
      "initialVariables": []
    },
    {
      "angle": 0,
      "customSize": false,
      "height": 32,
      "layer": "",
      "name": "Soil",
      "persistentUuid": "732be2c2-ad22-4913-86cd-722750ebc4e2",
      "width": 32,
      "x": 512,
      "y": 320,
      "zOrder": 6,
      "numberProperties": [],
      "stringProperties": [],
      "initialVariables": []
    },
    {
      "angle": 0,
      "customSize": false,
      "height": 32,
      "layer": "",
      "name": "Soil",
      "persistentUuid": "265d674d-e0c4-4016-aca8-ddb08c936f68",
      "width": 32,
      "x": 448,
      "y": 320,
      "zOrder": 6,
      "numberProperties": [],
      "stringProperties": [],
      "initialVariables": []
    },
    {
      "angle": 0,
      "customSize": true,
      "height": 64,
      "layer": "",
      "name": "Soil",
      "persistentUuid": "e7bbf46c-4cb0-4dbf-8f1a-4c4b7fe244b2",
      "width": 64,
      "x": 384,
      "y": 320,
      "zOrder": 6,
      "numberProperties": [],
      "stringProperties": [],
      "initialVariables": []
    },
    {
      "angle": 0,
      "customSize": true,
      "height": 64,
      "layer": "",
      "name": "Soil",
      "persistentUuid": "c571bb06-445e-4afb-8cbd-370de9088421",
      "width": 64,
      "x": 320,
      "y": 320,
      "zOrder": 6,
      "numberProperties": [],
      "stringProperties": [],
      "initialVariables": []
    },
    {
      "angle": 0,
      "customSize": true,
      "height": 64,
      "layer": "",
      "name": "Soil",
      "persistentUuid": "ec683105-3b74-4929-803a-9b8c8cbba343",
      "width": 64,
      "x": 256,
      "y": 320,
      "zOrder": 6,
      "numberProperties": [],
      "stringProperties": [],
      "initialVariables": []
    },
    {
      "angle": 0,
      "customSize": true,
      "height": 64,
      "layer": "",
      "name": "Soil",
      "persistentUuid": "0623acaf-83c2-4a5b-b136-59f63efd2040",
      "width": 64,
      "x": 192,
      "y": 320,
      "zOrder": 6,
      "numberProperties": [],
      "stringProperties": [],
      "initialVariables": []
    },
    {
      "angle": 0,
      "customSize": true,
      "height": 64,
      "layer": "",
      "name": "Soil",
      "persistentUuid": "4dbc927a-78ed-4433-9ea9-7532f4cb669e",
      "width": 64,
      "x": 128,
      "y": 320,
      "zOrder": 6,
      "numberProperties": [],
      "stringProperties": [],
      "initialVariables": []
    },
    {
      "angle": 0,
      "customSize": true,
      "height": 64,
      "layer": "",
      "name": "Soil",
      "persistentUuid": "2ffdcb1b-5d0d-4f67-93fe-07becb282f61",
      "width": 64,
      "x": 64,
      "y": 320,
      "zOrder": 6,
      "numberProperties": [],
      "stringProperties": [],
      "initialVariables": []
    },
    {
      "angle": 0,
      "customSize": false,
      "height": 32,
      "layer": "",
      "name": "Soil",
      "persistentUuid": "d3587bfe-c8a4-4ac9-a25e-9669d15ed5e3",
      "width": 32,
      "x": 320,
      "y": 384,
      "zOrder": 6,
      "numberProperties": [],
      "stringProperties": [],
      "initialVariables": []
    },
    {
      "angle": 0,
      "customSize": false,
      "height": 0,
      "layer": "",
      "name": "Soil",
      "persistentUuid": "ad225a3b-cf3f-48c5-be06-aff12ae60ea9",
      "width": 0,
      "x": 512,
      "y": 384,
      "zOrder": 7,
      "numberProperties": [],
      "stringProperties": [],
      "initialVariables": []
    },
    {
      "angle": 0,
      "customSize": false,
      "height": 0,
      "layer": "",
      "name": "Soil",
      "persistentUuid": "fd8dfbe1-6ced-474c-a1a6-62cda13839ca",
      "width": 0,
      "x": 448,
      "y": 384,
      "zOrder": 8,
      "numberProperties": [],
      "stringProperties": [],
      "initialVariables": []
    },
    {
      "angle": 0,
      "customSize": false,
      "height": 0,
      "layer": "",
      "name": "Soil",
      "persistentUuid": "d2ba19a8-16f7-4e2a-9f4e-7046e14c3b83",
      "width": 0,
      "x": 384,
      "y": 384,
      "zOrder": 10,
      "numberProperties": [],
      "stringProperties": [],
      "initialVariables": []
    },
    {
      "angle": 0,
      "customSize": false,
      "height": 32,
      "layer": "",
      "name": "Soil",
      "persistentUuid": "b6896ba7-4897-4db7-8d1e-981ac5ed0e59",
      "width": 32,
      "x": 256,
      "y": 384,
      "zOrder": 6,
      "numberProperties": [],
      "stringProperties": [],
      "initialVariables": []
    },
    {
      "angle": 0,
      "customSize": false,
      "height": 32,
      "layer": "",
      "name": "Soil",
      "persistentUuid": "d47899de-0976-4c26-bf2d-b826996c8e59",
      "width": 32,
      "x": 256,
      "y": 384,
      "zOrder": 6,
      "numberProperties": [],
      "stringProperties": [],
      "initialVariables": []
    },
    {
      "angle": 0,
      "customSize": false,
      "height": 32,
      "layer": "",
      "name": "Soil",
      "persistentUuid": "628137e9-3a1a-4735-8492-a77256118d26",
      "width": 32,
      "x": 192,
      "y": 384,
      "zOrder": 6,
      "numberProperties": [],
      "stringProperties": [],
      "initialVariables": []
    },
    {
      "angle": 0,
      "customSize": false,
      "height": 32,
      "layer": "",
      "name": "Soil",
      "persistentUuid": "78abbc27-bb13-457e-ad26-4484069fadb1",
      "width": 32,
      "x": 128,
      "y": 384,
      "zOrder": 6,
      "numberProperties": [],
      "stringProperties": [],
      "initialVariables": []
    },
    {
      "angle": 0,
      "customSize": false,
      "height": 32,
      "layer": "",
      "name": "Soil",
      "persistentUuid": "4c1bdabf-7ec0-4e01-9a5e-6ac2ec1d3249",
      "width": 32,
      "x": 128,
      "y": 384,
      "zOrder": 6,
      "numberProperties": [],
      "stringProperties": [],
      "initialVariables": []
    },
    {
      "angle": 0,
      "customSize": false,
      "height": 32,
      "layer": "",
      "name": "Soil",
      "persistentUuid": "26f54bb2-f3b7-47f9-b070-19bbf7b5d2c8",
      "width": 32,
      "x": 64,
      "y": 384,
      "zOrder": 6,
      "numberProperties": [],
      "stringProperties": [],
      "initialVariables": []
    },
    {
      "angle": 0,
      "customSize": false,
      "height": 32,
      "layer": "",
      "name": "Soil",
      "persistentUuid": "e41ffea9-e341-4883-bf9a-f1cc6fce57e7",
      "width": 32,
      "x": 64,
      "y": 448,
      "zOrder": 6,
      "numberProperties": [],
      "stringProperties": [],
      "initialVariables": []
    },
    {
      "angle": 0,
      "customSize": false,
      "height": 32,
      "layer": "",
      "name": "Soil",
      "persistentUuid": "59b91279-f67b-4b03-9ec6-88ad9f8ff5ee",
      "width": 32,
      "x": 128,
      "y": 448,
      "zOrder": 6,
      "numberProperties": [],
      "stringProperties": [],
      "initialVariables": []
    },
    {
      "angle": 0,
      "customSize": false,
      "height": 32,
      "layer": "",
      "name": "Soil",
      "persistentUuid": "78136623-5cac-4543-ba8c-093c100e76c0",
      "width": 32,
      "x": 192,
      "y": 448,
      "zOrder": 6,
      "numberProperties": [],
      "stringProperties": [],
      "initialVariables": []
    },
    {
      "angle": 0,
      "customSize": false,
      "height": 32,
      "layer": "",
      "name": "Soil",
      "persistentUuid": "a4f40f1c-907a-47b1-b6a7-aa3db441a834",
      "width": 32,
      "x": 256,
      "y": 448,
      "zOrder": 6,
      "numberProperties": [],
      "stringProperties": [],
      "initialVariables": []
    },
    {
      "angle": 0,
      "customSize": false,
      "height": 32,
      "layer": "",
      "name": "Soil",
      "persistentUuid": "cab9e5c2-5a2e-4259-bcc9-a114982cf1c8",
      "width": 32,
      "x": 384,
      "y": 448,
      "zOrder": 6,
      "numberProperties": [],
      "stringProperties": [],
      "initialVariables": []
    },
    {
      "angle": 0,
      "customSize": false,
      "height": 32,
      "layer": "",
      "name": "Soil",
      "persistentUuid": "21775799-686c-4f41-a690-e205e305393f",
      "width": 32,
      "x": 320,
      "y": 448,
      "zOrder": 6,
      "numberProperties": [],
      "stringProperties": [],
      "initialVariables": []
    },
    {
      "angle": 0,
      "customSize": false,
      "height": 32,
      "layer": "",
      "name": "Soil",
      "persistentUuid": "7c32b2b0-3a5e-4190-ba58-e50900e72364",
      "width": 32,
      "x": 384,
      "y": 448,
      "zOrder": 6,
      "numberProperties": [],
      "stringProperties": [],
      "initialVariables": []
    },
    {
      "angle": 0,
      "customSize": false,
      "height": 32,
      "layer": "",
      "name": "Soil",
      "persistentUuid": "f712ef84-6902-48df-a812-a142fbb3b48d",
      "width": 32,
      "x": 448,
      "y": 448,
      "zOrder": 6,
      "numberProperties": [],
      "stringProperties": [],
      "initialVariables": []
    },
    {
      "angle": 0,
      "customSize": false,
      "height": 32,
      "layer": "",
      "name": "Soil",
      "persistentUuid": "1f4f547b-d456-4cee-9d9e-acc4600adb10",
      "width": 32,
      "x": 512,
      "y": 448,
      "zOrder": 6,
      "numberProperties": [],
      "stringProperties": [],
      "initialVariables": []
    },
    {
      "angle": 0,
      "customSize": false,
      "height": 32,
      "layer": "",
      "name": "Soil",
      "persistentUuid": "20978131-1c36-4605-8965-51e7c98f704d",
      "width": 32,
      "x": 512,
      "y": 512,
      "zOrder": 6,
      "numberProperties": [],
      "stringProperties": [],
      "initialVariables": []
    },
    {
      "angle": 0,
      "customSize": false,
      "height": 32,
      "layer": "",
      "name": "Soil",
      "persistentUuid": "61e37b1b-34f0-4414-8cb8-bf6a0b571a89",
      "width": 32,
      "x": 448,
      "y": 512,
      "zOrder": 6,
      "numberProperties": [],
      "stringProperties": [],
      "initialVariables": []
    },
    {
      "angle": 0,
      "customSize": true,
      "height": 64,
      "layer": "",
      "name": "Soil",
      "persistentUuid": "0c4a3b8a-aa3c-4347-8ecc-d0cd506b9c1b",
      "width": 64,
      "x": 384,
      "y": 512,
      "zOrder": 6,
      "numberProperties": [],
      "stringProperties": [],
      "initialVariables": []
    },
    {
      "angle": 0,
      "customSize": true,
      "height": 64,
      "layer": "",
      "name": "Soil",
      "persistentUuid": "57a112c5-537f-4423-9d85-e9df07c4ce28",
      "width": 64,
      "x": 320,
      "y": 512,
      "zOrder": 6,
      "numberProperties": [],
      "stringProperties": [],
      "initialVariables": []
    },
    {
      "angle": 0,
      "customSize": true,
      "height": 64,
      "layer": "",
      "name": "Soil",
      "persistentUuid": "3fa41af7-895a-44b2-9588-b0a88e92e359",
      "width": 64,
      "x": 256,
      "y": 512,
      "zOrder": 6,
      "numberProperties": [],
      "stringProperties": [],
      "initialVariables": []
    },
    {
      "angle": 0,
      "customSize": true,
      "height": 64,
      "layer": "",
      "name": "Soil",
      "persistentUuid": "75ddea52-4569-444b-be49-5f26228d25c0",
      "width": 64,
      "x": 192,
      "y": 512,
      "zOrder": 6,
      "numberProperties": [],
      "stringProperties": [],
      "initialVariables": []
    },
    {
      "angle": 0,
      "customSize": true,
      "height": 64,
      "layer": "",
      "name": "Soil",
      "persistentUuid": "47fa22bb-d56d-40e2-8b51-15a794f0d298",
      "width": 64,
      "x": 128,
      "y": 512,
      "zOrder": 6,
      "numberProperties": [],
      "stringProperties": [],
      "initialVariables": []
    },
    {
      "angle": 0,
      "customSize": true,
      "height": 64,
      "layer": "",
      "name": "Soil",
      "persistentUuid": "829aec7f-77c7-430d-8b48-8125e57eb82d",
      "width": 64,
      "x": 64,
      "y": 512,
      "zOrder": 6,
      "numberProperties": [],
      "stringProperties": [],
      "initialVariables": []
    }
  ],
  "objects": [
    {
      "assetStoreId": "",
      "name": "Farmer",
      "tags": "",
      "type": "Sprite",
      "updateIfNotVisible": false,
      "variables": [
        {
          "folded": true,
          "name": "canWalk",
          "type": "boolean",
          "value": true
        },
        {
          "folded": true,
          "name": "canPlant",
          "type": "boolean",
          "value": false
        },
        {
          "folded": true,
          "name": "onPlant",
          "type": "boolean",
          "value": false
        },
        {
          "folded": true,
          "name": "#ofPlants",
          "type": "number",
          "value": 3
        },
        {
          "folded": true,
          "name": "canDoTask",
          "type": "boolean",
          "value": true
        },
        {
          "folded": true,
          "name": "#ofFences",
          "type": "number",
          "value": 6
        },
        {
          "folded": true,
          "name": "#ofSeeds",
          "type": "number",
          "value": 3
        }
      ],
      "effects": [],
      "behaviors": [
        {
          "name": "TopDownMovement",
          "type": "TopDownMovementBehavior::TopDownMovementBehavior",
          "acceleration": 400,
          "allowDiagonals": true,
          "angleOffset": 0,
          "angularMaxSpeed": 180,
          "customIsometryAngle": 30,
          "deceleration": 1000,
          "ignoreDefaultControls": false,
          "maxSpeed": 200,
          "movementAngleOffset": 0,
          "rotateObject": false,
          "viewpoint": "TopDown"
        }
      ],
      "animations": [
        {
          "name": "Idle",
          "useMultipleDirections": false,
          "directions": [
            {
              "looping": false,
              "timeBetweenFrames": 0.08,
              "sprites": [
                {
                  "hasCustomCollisionMask": true,
                  "image": "Drawing.sketchpad (27).png",
                  "points": [],
                  "originPoint": {
                    "name": "origine",
                    "x": 299.3710632324219,
                    "y": 297.25579833984375
                  },
                  "centerPoint": {
                    "automatic": true,
                    "name": "centre",
                    "x": 0,
                    "y": 0
                  },
                  "customCollisionMask": [
                    [
                      {
                        "x": 292.7673034667969,
                        "y": 519.5828247070312
                      },
                      {
                        "x": 301.57232666015625,
                        "y": 527.2872314453125
                      },
                      {
                        "x": 301.57232666015625,
                        "y": 538.2935180664062
                      },
                      {
                        "x": 287.26416015625,
                        "y": 531.6897583007812
                      }
                    ]
                  ]
                }
              ]
            }
          ]
        },
        {
          "name": "Farming",
          "useMultipleDirections": false,
          "directions": [
            {
              "looping": false,
              "timeBetweenFrames": 0.08,
              "sprites": [
                {
                  "hasCustomCollisionMask": true,
                  "image": "Drawing.sketchpad (28).png",
                  "points": [],
                  "originPoint": {
                    "name": "origine",
                    "x": 299.3710632324219,
                    "y": 297.25579833984375
                  },
                  "centerPoint": {
                    "automatic": true,
                    "name": "centre",
                    "x": 0,
                    "y": 0
                  },
                  "customCollisionMask": [
                    [
                      {
                        "x": 292.7673034667969,
                        "y": 519.5828247070312
                      },
                      {
                        "x": 301.57232666015625,
                        "y": 527.2872314453125
                      },
                      {
                        "x": 301.57232666015625,
                        "y": 538.2935180664062
                      },
                      {
                        "x": 287.26416015625,
                        "y": 531.6897583007812
                      }
                    ]
                  ]
                }
              ]
            }
          ]
        },
        {
          "name": "Watering",
          "useMultipleDirections": false,
          "directions": [
            {
              "looping": false,
              "timeBetweenFrames": 0.08,
              "sprites": [
                {
                  "hasCustomCollisionMask": true,
                  "image": "Drawing.sketchpad (29).png",
                  "points": [],
                  "originPoint": {
                    "name": "origine",
                    "x": 299.3710632324219,
                    "y": 297.25579833984375
                  },
                  "centerPoint": {
                    "automatic": true,
                    "name": "centre",
                    "x": 0,
                    "y": 0
                  },
                  "customCollisionMask": [
                    [
                      {
                        "x": 292.7673034667969,
                        "y": 519.5828247070312
                      },
                      {
                        "x": 301.57232666015625,
                        "y": 527.2872314453125
                      },
                      {
                        "x": 301.57232666015625,
                        "y": 538.2935180664062
                      },
                      {
                        "x": 287.26416015625,
                        "y": 531.6897583007812
                      }
                    ]
                  ]
                }
              ]
            }
          ]
        }
      ]
    },
    {
      "assetStoreId": "8463ea418c97bf108b7727bcb13e50a4cacf1f0a51c955c70d46f99846207360",
      "name": "Plant",
      "tags": "",
      "type": "Sprite",
      "updateIfNotVisible": false,
      "variables": [
        {
          "folded": true,
          "name": "hasWatered",
          "type": "boolean",
          "value": false
        },
        {
          "folded": true,
          "name": "isReady",
          "type": "boolean",
          "value": false
        }
      ],
      "effects": [],
      "behaviors": [],
      "animations": [
        {
          "name": "",
          "useMultipleDirections": false,
          "directions": [
            {
              "looping": false,
              "timeBetweenFrames": 0.08,
              "sprites": [
                {
                  "hasCustomCollisionMask": true,
                  "image": "Drawing.sketchpad (34).png",
                  "points": [],
                  "originPoint": {
                    "name": "origine",
                    "x": 294.96856689453125,
                    "y": 309.3627014160156
                  },
                  "centerPoint": {
                    "automatic": false,
                    "name": "centre",
                    "x": 297.1697998046875,
                    "y": 308.2620849609375
                  },
                  "customCollisionMask": [
                    [
                      {
                        "x": 219,
                        "y": 208.5
                      },
                      {
                        "x": 380,
                        "y": 213.5
                      },
                      {
                        "x": 366,
                        "y": 323.5
                      },
                      {
                        "x": 222,
                        "y": 325.5
                      }
                    ]
                  ]
                }
              ]
            }
          ]
        },
        {
          "name": "",
          "useMultipleDirections": false,
          "directions": [
            {
              "looping": false,
              "timeBetweenFrames": 0.08,
              "sprites": [
                {
                  "hasCustomCollisionMask": true,
                  "image": "Drawing.sketchpad (35).png",
                  "points": [],
                  "originPoint": {
                    "name": "origine",
                    "x": 294.96856689453125,
                    "y": 309.3627014160156
                  },
                  "centerPoint": {
                    "automatic": false,
                    "name": "centre",
                    "x": 297.1697998046875,
                    "y": 308.2620849609375
                  },
                  "customCollisionMask": [
                    [
                      {
                        "x": 219,
                        "y": 208.5
                      },
                      {
                        "x": 380,
                        "y": 213.5
                      },
                      {
                        "x": 366,
                        "y": 323.5
                      },
                      {
                        "x": 222,
                        "y": 325.5
                      }
                    ]
                  ]
                }
              ]
            }
          ]
        },
        {
          "name": "",
          "useMultipleDirections": false,
          "directions": [
            {
              "looping": false,
              "timeBetweenFrames": 0.08,
              "sprites": [
                {
                  "hasCustomCollisionMask": true,
                  "image": "Drawing.sketchpad (36).png",
                  "points": [],
                  "originPoint": {
                    "name": "origine",
                    "x": 294.96856689453125,
                    "y": 309.3627014160156
                  },
                  "centerPoint": {
                    "automatic": false,
                    "name": "centre",
                    "x": 297.1697998046875,
                    "y": 308.2620849609375
                  },
                  "customCollisionMask": [
                    [
                      {
                        "x": 219,
                        "y": 208.5
                      },
                      {
                        "x": 380,
                        "y": 213.5
                      },
                      {
                        "x": 366,
                        "y": 323.5
                      },
                      {
                        "x": 222,
                        "y": 325.5
                      }
                    ]
                  ]
                }
              ]
            }
          ]
        },
        {
          "name": "",
          "useMultipleDirections": false,
          "directions": [
            {
              "looping": false,
              "timeBetweenFrames": 0.08,
              "sprites": [
                {
                  "hasCustomCollisionMask": true,
                  "image": "Drawing.sketchpad (37).png",
                  "points": [],
                  "originPoint": {
                    "name": "origine",
                    "x": 294.96856689453125,
                    "y": 309.3627014160156
                  },
                  "centerPoint": {
                    "automatic": false,
                    "name": "centre",
                    "x": 297.1697998046875,
                    "y": 308.2620849609375
                  },
                  "customCollisionMask": [
                    [
                      {
                        "x": 219,
                        "y": 208.5
                      },
                      {
                        "x": 380,
                        "y": 213.5
                      },
                      {
                        "x": 366,
                        "y": 323.5
                      },
                      {
                        "x": 222,
                        "y": 325.5
                      }
                    ]
                  ]
                }
              ]
            }
          ]
        }
      ]
    },
    {
      "assetStoreId": "",
      "bold": false,
      "italic": false,
      "name": "CornSeedsText",
      "smoothed": true,
      "tags": "",
      "type": "TextObject::Text",
      "underlined": false,
      "variables": [],
      "effects": [],
      "behaviors": [],
      "string": "Corn Seeds: ",
      "font": "",
      "characterSize": 30,
      "color": {
        "b": 0,
        "g": 0,
        "r": 0
      }
    },
    {
      "assetStoreId": "f4abb9c4f96ec4993023bd14287a7dabc72113c836d9117ec1ffd5c46e6d449f",
      "name": "Soil",
      "tags": "",
      "type": "Sprite",
      "updateIfNotVisible": false,
      "variables": [],
      "effects": [],
      "behaviors": [],
      "animations": [
        {
          "name": "",
          "useMultipleDirections": false,
          "directions": [
            {
              "looping": false,
              "timeBetweenFrames": 0.08,
              "sprites": [
                {
                  "hasCustomCollisionMask": false,
                  "image": "Summer Tile Dirt Corner Right2.png",
                  "points": [],
                  "originPoint": {
                    "name": "origine",
                    "x": 0,
                    "y": 0
                  },
                  "centerPoint": {
                    "automatic": true,
                    "name": "centre",
                    "x": 0,
                    "y": 0
                  },
                  "customCollisionMask": []
                }
              ]
            }
          ]
        }
      ]
    },
    {
      "assetStoreId": "19c7ec9b0f1dea73f024e27791df9d3906c89f8bea9dafbd10b58055fc9804dc",
      "name": "Fence",
      "tags": "",
      "type": "Sprite",
      "updateIfNotVisible": false,
      "variables": [
        {
          "folded": true,
          "name": "hasCircle",
          "type": "boolean",
          "value": false
        }
      ],
      "effects": [],
      "behaviors": [],
      "animations": [
        {
          "name": "",
          "useMultipleDirections": false,
          "directions": [
            {
              "looping": true,
              "timeBetweenFrames": 0.02500000037252903,
              "sprites": [
                {
                  "hasCustomCollisionMask": false,
                  "image": "fence.png",
                  "points": [],
                  "originPoint": {
                    "name": "origine",
                    "x": 31.487323760986328,
                    "y": 21.857803344726562
                  },
                  "centerPoint": {
                    "automatic": true,
                    "name": "centre",
                    "x": 0,
                    "y": 0
                  },
                  "customCollisionMask": []
                }
              ]
            }
          ]
        },
        {
          "name": "Broken",
          "useMultipleDirections": false,
          "directions": [
            {
              "looping": true,
              "timeBetweenFrames": 0.02500000037252903,
              "sprites": [
                {
                  "hasCustomCollisionMask": false,
                  "image": "fence_Broken.png",
                  "points": [],
                  "originPoint": {
                    "name": "origine",
                    "x": 31.487323760986328,
                    "y": 21.857803344726562
                  },
                  "centerPoint": {
                    "automatic": true,
                    "name": "centre",
                    "x": 0,
                    "y": 0
                  },
                  "customCollisionMask": []
                }
              ]
            }
          ]
        },
        {
          "name": "Open",
          "useMultipleDirections": false,
          "directions": [
            {
              "looping": true,
              "timeBetweenFrames": 0.02500000037252903,
              "sprites": [
                {
                  "hasCustomCollisionMask": false,
                  "image": "fence_Open.png",
                  "points": [],
                  "originPoint": {
                    "name": "origine",
                    "x": 31.487323760986328,
                    "y": 21.857803344726562
                  },
                  "centerPoint": {
                    "automatic": true,
                    "name": "centre",
                    "x": 0,
                    "y": 0
                  },
                  "customCollisionMask": []
                }
              ]
            }
          ]
        }
      ]
    },
    {
      "assetStoreId": "",
      "name": "crow",
      "tags": "",
      "type": "Sprite",
      "updateIfNotVisible": false,
      "variables": [
        {
          "folded": true,
          "name": "hasTarget",
          "type": "boolean",
          "value": false
        }
      ],
      "effects": [],
      "behaviors": [
        {
          "name": "Pathfinding",
          "type": "PathfindingBehavior::PathfindingBehavior",
          "acceleration": 400,
          "allowDiagonals": true,
          "angleOffset": 0,
          "angularMaxSpeed": 180,
          "cellHeight": 20,
          "cellWidth": 20,
          "extraBorder": 0,
          "gridOffsetX": 0,
          "gridOffsetY": 0,
          "maxSpeed": 200,
          "rotateObject": true
        }
      ],
      "animations": [
        {
          "name": "",
          "useMultipleDirections": false,
          "directions": [
            {
              "looping": false,
              "timeBetweenFrames": 0.08,
              "sprites": [
                {
                  "hasCustomCollisionMask": false,
                  "image": "Drawing.sketchpad (25).png",
                  "points": [],
                  "originPoint": {
                    "name": "origine",
                    "x": 0,
                    "y": 0
                  },
                  "centerPoint": {
                    "automatic": true,
                    "name": "centre",
                    "x": 0,
                    "y": 0
                  },
                  "customCollisionMask": []
                }
              ]
            }
          ]
        },
        {
          "name": "",
          "useMultipleDirections": false,
          "directions": [
            {
              "looping": false,
              "timeBetweenFrames": 0.08,
              "sprites": [
                {
                  "hasCustomCollisionMask": false,
                  "image": "Drawing.sketchpad (26).png",
                  "points": [],
                  "originPoint": {
                    "name": "origine",
                    "x": 0,
                    "y": 0
                  },
                  "centerPoint": {
                    "automatic": true,
                    "name": "centre",
                    "x": 0,
                    "y": 0
                  },
                  "customCollisionMask": []
                }
              ]
            }
          ]
        }
      ]
    },
    {
      "assetStoreId": "",
      "name": "scareCrowCollisionDetection",
      "tags": "",
      "type": "Sprite",
      "updateIfNotVisible": false,
      "variables": [],
      "effects": [],
      "behaviors": [],
      "animations": [
        {
          "name": "",
          "useMultipleDirections": false,
          "directions": [
            {
              "looping": false,
              "timeBetweenFrames": 0.08,
              "sprites": [
                {
                  "hasCustomCollisionMask": true,
                  "image": "Drawing.png",
                  "points": [],
                  "originPoint": {
                    "name": "origine",
                    "x": 225.00491333007812,
                    "y": 222.84295654296875
                  },
                  "centerPoint": {
                    "automatic": true,
                    "name": "centre",
                    "x": 0,
                    "y": 0
                  },
                  "customCollisionMask": [
                    [
                      {
                        "x": 352.9923400878906,
                        "y": 105.23290252685547
                      },
                      {
                        "x": 405.743896484375,
                        "y": 198.62911987304688
                      },
                      {
                        "x": 368.5583801269531,
                        "y": 346.5065002441406
                      },
                      {
                        "x": 245.75962829589844,
                        "y": 415.6888732910156
                      },
                      {
                        "x": 113.44831085205078,
                        "y": 372.44989013671875
                      },
                      {
                        "x": 57.23761749267578,
                        "y": 273.00018310546875
                      },
                      {
                        "x": 99.61183166503906,
                        "y": 101.7737808227539
                      },
                      {
                        "x": 246.62440490722656,
                        "y": 60.264347076416016
                      }
                    ]
                  ]
                }
              ]
            }
          ]
        }
      ]
    },
    {
      "assetStoreId": "",
      "name": "ScareCrow",
      "tags": "",
      "type": "Sprite",
      "updateIfNotVisible": false,
      "variables": [
        {
          "folded": true,
          "name": "hasCircle",
          "type": "boolean",
          "value": false
        }
      ],
      "effects": [],
      "behaviors": [],
      "animations": [
        {
          "name": "",
          "useMultipleDirections": false,
          "directions": [
            {
              "looping": false,
              "timeBetweenFrames": 0.08,
              "sprites": [
                {
                  "hasCustomCollisionMask": true,
                  "image": "50897493-cee2-4dcd-910f-4e8e8c49841b.sketchpad.png",
                  "points": [],
                  "originPoint": {
                    "name": "origine",
                    "x": 125.00736999511719,
                    "y": 122.53095245361328
                  },
                  "centerPoint": {
                    "automatic": true,
                    "name": "centre",
                    "x": 0,
                    "y": 0
                  },
                  "customCollisionMask": [
                    [
                      {
                        "x": 28.15202522277832,
                        "y": 68.60013580322266
                      },
                      {
                        "x": 180.58912658691406,
                        "y": 43.28567123413086
                      },
                      {
                        "x": 194.89730834960938,
                        "y": 209.4806365966797
                      },
                      {
                        "x": 68.32498168945312,
                        "y": 224.8894500732422
                      }
                    ]
                  ]
                }
              ]
            }
          ]
        }
      ]
    },
    {
      "assetStoreId": "",
      "name": "Market",
      "tags": "",
      "type": "Sprite",
      "updateIfNotVisible": false,
      "variables": [],
      "effects": [],
      "behaviors": [],
      "animations": [
        {
          "name": "Store",
          "useMultipleDirections": false,
          "directions": [
            {
              "looping": false,
              "timeBetweenFrames": 0.08,
              "sprites": [
                {
                  "hasCustomCollisionMask": false,
                  "image": "50897493-cee2-4dcd-910f-4e8e8c49841b.sketchpad (1).png",
                  "points": [],
                  "originPoint": {
                    "name": "origine",
                    "x": 0,
                    "y": 0
                  },
                  "centerPoint": {
                    "automatic": true,
                    "name": "centre",
                    "x": 0,
                    "y": 0
                  },
                  "customCollisionMask": []
                }
              ]
            }
          ]
        }
      ]
    },
    {
      "assetStoreId": "",
      "bold": false,
      "italic": false,
      "name": "Money",
      "smoothed": true,
      "tags": "",
      "type": "TextObject::Text",
      "underlined": false,
      "variables": [],
      "effects": [],
      "behaviors": [],
      "string": "Money: $",
      "font": "",
      "characterSize": 30,
      "color": {
        "b": 0,
        "g": 0,
        "r": 0
      }
    },
    {
      "assetStoreId": "",
      "bold": false,
      "italic": false,
      "name": "NewText",
      "smoothed": true,
      "tags": "",
      "type": "TextObject::Text",
      "underlined": false,
      "variables": [],
      "effects": [],
      "behaviors": [],
      "string": "Plants:",
      "font": "",
      "characterSize": 30,
      "color": {
        "b": 0,
        "g": 0,
        "r": 0
      }
    }
  ],
  "events": [
    {
      "type": "BuiltinCommonInstructions::Standard",
      "conditions": [
        {
          "type": {
            "value": "ObjectVariableAsBoolean"
          },
          "parameters": [
            "Farmer",
            "canWalk",
            "True"
          ]
        }
      ],
      "actions": [
        {
          "type": {
            "value": "ActivateBehavior"
          },
          "parameters": [
            "Farmer",
            "TopDownMovement",
            "yes"
          ]
        }
      ]
    },
    {
      "colorB": 228,
      "colorG": 176,
      "colorR": 74,
      "creationTime": 0,
      "name": "Planting",
      "source": "",
      "type": "BuiltinCommonInstructions::Group",
      "events": [],
      "parameters": []
    },
    {
      "type": "BuiltinCommonInstructions::Standard",
      "conditions": [
        {
          "type": {
            "value": "CollisionNP"
          },
          "parameters": [
            "Farmer",
            "Soil",
            "",
            "",
            ""
          ]
        }
      ],
      "actions": [
        {
          "type": {
            "value": "SetObjectVariableAsBoolean"
          },
          "parameters": [
            "Farmer",
            "canPlant",
            "True"
          ]
        }
      ],
      "events": [
        {
          "type": "BuiltinCommonInstructions::Standard",
          "conditions": [
            {
              "type": {
                "value": "KeyReleased"
              },
              "parameters": [
                "Farmer",
                "Space"
              ]
            }
          ],
          "actions": [],
          "events": [
            {
              "type": "BuiltinCommonInstructions::Standard",
              "conditions": [
                {
                  "type": {
                    "value": "VarGlobal"
                  },
                  "parameters": [
                    "inventory.#ofCornSeeds",
                    ">",
                    "0"
                  ]
                },
                {
                  "type": {
                    "value": "ObjectVariableAsBoolean"
                  },
                  "parameters": [
                    "Soil",
                    "hasPlant",
                    ""
                  ]
                },
                {
                  "type": {
                    "value": "ObjectVariableAsBoolean"
                  },
                  "parameters": [
                    "Farmer",
                    "canDoTask",
                    "True"
                  ]
                }
              ],
              "actions": [
                {
                  "type": {
                    "value": "ChangeAnimation"
                  },
                  "parameters": [
                    "Farmer",
                    "=",
                    "1"
                  ]
                },
                {
                  "type": {
                    "value": "SetObjectVariableAsBoolean"
                  },
                  "parameters": [
                    "Farmer",
                    "canDoTask",
                    ""
                  ]
                },
                {
                  "type": {
                    "value": "SetObjectVariableAsBoolean"
                  },
                  "parameters": [
                    "Farmer",
                    "canWalk",
                    ""
                  ]
                },
                {
                  "type": {
                    "value": "SetObjectVariableAsBoolean"
                  },
                  "parameters": [
                    "Soil",
                    "hasPlant",
                    "True"
                  ]
                },
                {
                  "type": {
                    "value": "ActivateBehavior"
                  },
                  "parameters": [
                    "Farmer",
                    "TopDownMovement",
                    ""
                  ]
                },
                {
                  "type": {
                    "value": "Wait"
                  },
                  "parameters": [
                    "1"
                  ]
                },
                {
                  "type": {
                    "value": "Create"
                  },
                  "parameters": [
                    "",
                    "Plant",
                    "Soil.X()",
                    "Soil.Y()",
                    ""
                  ]
                },
                {
                  "type": {
                    "value": "ModVarGlobal"
                  },
                  "parameters": [
                    "inventory.#ofCornSeeds",
                    "-",
                    "1"
                  ]
                },
                {
                  "type": {
                    "value": "TextObject::String"
                  },
                  "parameters": [
                    "CornSeedsText",
                    "=",
                    "\"Seeds: \" + ToString(GlobalVariable(inventory.#ofSeeds))"
                  ]
                },
                {
                  "type": {
                    "value": "SetObjectVariableAsBoolean"
                  },
                  "parameters": [
                    "Farmer",
                    "canWalk",
                    "True"
                  ]
                },
                {
                  "type": {
                    "value": "ChangeAnimation"
                  },
                  "parameters": [
                    "Plant",
                    "=",
                    "0"
                  ]
                },
                {
                  "type": {
                    "value": "SetObjectVariableAsBoolean"
                  },
                  "parameters": [
                    "Farmer",
                    "canDoTask",
                    "True"
                  ]
                },
                {
                  "type": {
                    "value": "ChangeAnimation"
                  },
                  "parameters": [
                    "Farmer",
                    "=",
                    "0"
                  ]
                }
              ]
            }
          ]
        }
      ]
    },
    {
      "type": "BuiltinCommonInstructions::Standard",
      "conditions": [
        {
          "type": {
            "inverted": true,
            "value": "CollisionNP"
          },
          "parameters": [
            "Farmer",
            "Soil",
            "",
            "",
            ""
          ]
        }
      ],
      "actions": [
        {
          "type": {
            "value": "SetObjectVariableAsBoolean"
          },
          "parameters": [
            "Farmer",
            "canPlant",
            "False"
          ]
        }
      ]
    },
    {
      "type": "BuiltinCommonInstructions::Standard",
      "conditions": [
        {
          "type": {
            "value": "CollisionNP"
          },
          "parameters": [
            "Farmer",
            "Plant",
            "",
            "",
            ""
          ]
        },
        {
          "type": {
            "value": "KeyReleased"
          },
          "parameters": [
            "",
            "q"
          ]
        }
      ],
      "actions": [],
      "events": [
        {
          "type": "BuiltinCommonInstructions::Standard",
          "conditions": [
            {
              "type": {
                "value": "ObjectVariableAsBoolean"
              },
              "parameters": [
                "Plant",
                "hasWatered",
                "="
              ]
            }
          ],
          "actions": [
            {
              "type": {
                "value": "ChangeAnimation"
              },
              "parameters": [
                "Farmer",
                "=",
                "2"
              ]
            },
            {
              "type": {
                "value": "SetObjectVariableAsBoolean"
              },
              "parameters": [
                "Farmer",
                "canWalk",
                ""
              ]
            },
            {
              "type": {
                "value": "ActivateBehavior"
              },
              "parameters": [
                "Farmer",
                "TopDownMovement",
                ""
              ]
            },
            {
              "type": {
                "value": "Wait"
              },
              "parameters": [
                "1"
              ]
            },
            {
              "type": {
                "value": "SetObjectVariableAsBoolean"
              },
              "parameters": [
                "Plant",
                "hasWatered",
                "True"
              ]
            },
            {
              "type": {
                "value": "SetObjectVariableAsBoolean"
              },
              "parameters": [
                "Farmer",
                "canWalk",
                "True"
              ]
            },
            {
              "type": {
                "value": "SetObjectVariableAsBoolean"
              },
              "parameters": [
                "Plant",
                "hasWatered",
                "True"
              ]
            },
            {
              "type": {
                "value": "ChangeAnimation"
              },
              "parameters": [
                "Plant",
                "=",
                "1"
              ]
            },
            {
              "type": {
                "value": "ChangeAnimation"
              },
              "parameters": [
                "Farmer",
                "=",
                "0"
              ]
            },
            {
              "type": {
                "value": "TextObject::String"
              },
              "parameters": [
                "CornSeedsText",
                "=",
                "\"Seeds: \" + ToString(GlobalVariable(inventory.#ofSeeds))"
              ]
            }
          ]
        },
        {
          "type": "BuiltinCommonInstructions::Standard",
          "conditions": [
            {
              "type": {
                "value": "ObjectVariableAsBoolean"
              },
              "parameters": [
                "Plant",
                "isReady",
                "True"
              ]
            },
            {
              "type": {
                "value": "CollisionNP"
              },
              "parameters": [
                "Farmer",
                "Soil",
                "",
                "",
                ""
              ]
            }
          ],
          "actions": [
            {
              "type": {
                "value": "ChangeAnimation"
              },
              "parameters": [
                "Farmer",
                "=",
                "1"
              ]
            },
            {
              "type": {
                "value": "SetObjectVariableAsBoolean"
              },
              "parameters": [
                "Farmer",
                "canWalk",
                ""
              ]
            },
            {
              "type": {
                "value": "ActivateBehavior"
              },
              "parameters": [
                "Farmer",
                "TopDownMovement",
                ""
              ]
            },
            {
              "type": {
                "value": "Wait"
              },
              "parameters": [
                "1"
              ]
            },
            {
              "type": {
                "value": "Delete"
              },
              "parameters": [
                "Plant",
                ""
              ]
            },
            {
              "type": {
                "value": "SetObjectVariableAsBoolean"
              },
              "parameters": [
                "Farmer",
                "canWalk",
                "True"
              ]
            },
            {
              "type": {
                "value": "ChangeAnimation"
              },
              "parameters": [
                "Farmer",
                "=",
                "0"
              ]
            },
            {
              "type": {
                "value": "SetObjectVariableAsBoolean"
              },
              "parameters": [
                "Soil",
                "hasPlant",
                ""
              ]
            },
            {
              "type": {
                "value": "ModVarGlobal"
              },
              "parameters": [
                "inventory.#ofPlants",
                "+",
                "1"
              ]
            },
            {
              "type": {
                "value": "TextObject::String"
              },
              "parameters": [
                "NewText",
                "=",
                "\"Plants\" + ToString(GlobalVariable(inventory.#ofPlants))"
              ]
            }
          ]
        }
      ]
    },
    {
      "type": "BuiltinCommonInstructions::Standard",
      "conditions": [
        {
          "type": {
            "value": "ObjectVariableAsBoolean"
          },
          "parameters": [
            "Plant",
            "hasWatered",
            "True"
          ]
        }
      ],
      "actions": [
        {
          "type": {
            "value": "Wait"
          },
          "parameters": [
            "2"
          ]
        },
        {
          "type": {
            "value": "ChangeAnimation"
          },
          "parameters": [
            "Plant",
            "=",
            "2"
          ]
        },
        {
          "type": {
            "value": "Wait"
          },
          "parameters": [
            "2"
          ]
        },
        {
          "type": {
            "value": "ChangeAnimation"
          },
          "parameters": [
            "Plant",
            "=",
            "3"
          ]
        },
        {
          "type": {
            "value": "SetObjectVariableAsBoolean"
          },
          "parameters": [
            "Plant",
            "isReady",
            "True"
          ]
        }
      ]
    },
    {
      "colorB": 228,
      "colorG": 176,
      "colorR": 74,
      "creationTime": 0,
      "name": "ScareCrow",
      "source": "",
      "type": "BuiltinCommonInstructions::Group",
      "events": [],
      "parameters": []
    },
    {
      "type": "BuiltinCommonInstructions::Standard",
      "conditions": [
        {
          "type": {
            "value": "DepartScene"
          },
          "parameters": [
            ""
          ]
        }
      ],
      "actions": [
        {
          "type": {
            "value": "ResetTimer"
          },
          "parameters": [
            "",
            "\"crowCountdown\""
          ]
        }
      ]
    },
    {
      "type": "BuiltinCommonInstructions::Standard",
      "conditions": [
        {
          "type": {
            "value": "KeyPressed"
          },
          "parameters": [
            "",
            "z"
          ]
        },
        {
          "type": {
            "value": "VarObjet"
          },
          "parameters": [
            "Farmer",
            "#ofFences",
            ">",
            "0"
          ]
        },
        {
          "type": {
            "inverted": true,
            "value": "CollisionNP"
          },
          "parameters": [
            "Farmer",
            "ScareCrow",
            "",
            "",
            ""
          ]
        },
        {
          "type": {
            "inverted": true,
            "value": "CollisionNP"
          },
          "parameters": [
            "Farmer",
            "Soil",
            "",
            "",
            ""
          ]
        }
      ],
      "actions": [
        {
          "type": {
            "value": "Create"
          },
          "parameters": [
            "",
            "ScareCrow",
            "Farmer.X()",
            "Farmer.Y()",
            ""
          ]
        },
        {
          "type": {
            "value": "SetGlobalVariableAsBoolean"
          },
          "parameters": [
            "AttackTime",
            "True"
          ]
        },
        {
          "type": {
            "value": "ModVarObjet"
          },
          "parameters": [
            "Farmer",
            "#ofFences",
            "-",
            "1"
          ]
        },
        {
          "type": {
            "value": "ChangeScale"
          },
          "parameters": [
            "ScareCrow",
            "/",
            "2"
          ]
        }
      ]
    },
    {
      "type": "BuiltinCommonInstructions::Standard",
      "conditions": [
        {
          "type": {
            "value": "GlobalVariableAsBoolean"
          },
          "parameters": [
            "AttackTime",
            ""
          ]
        },
        {
          "type": {
            "value": "VarGlobal"
          },
          "parameters": [
            "#ofCrows",
            "!=",
            "0"
          ]
        },
        {
          "type": {
            "value": "CompareTimer"
          },
          "parameters": [
            "",
            "\"crowCountdown\"",
            ">=",
            "5"
          ]
        }
      ],
      "actions": [
        {
          "type": {
            "value": "SetGlobalVariableAsBoolean"
          },
          "parameters": [
            "AttackTime",
            "True"
          ]
        },
        {
          "type": {
            "value": "ModVarGlobal"
          },
          "parameters": [
            "#ofCrows",
            "=",
            "0"
          ]
        },
        {
          "type": {
            "value": "ResetTimer"
          },
          "parameters": [
            "",
            "\"crowCountdown\""
          ]
        }
      ]
    },
    {
      "type": "BuiltinCommonInstructions::Standard",
      "conditions": [
        {
          "type": {
            "value": "GlobalVariableAsBoolean"
          },
          "parameters": [
            "AttackTime",
            "True"
          ]
        },
        {
          "type": {
            "value": "ObjectVariableAsBoolean"
          },
          "parameters": [
            "Plant",
            "hasWatered",
            "True"
          ]
        },
        {
          "type": {
            "value": "VarGlobal"
          },
          "parameters": [
            "#ofCrows",
            "=",
            "0"
          ]
        }
      ],
      "actions": [
        {
          "type": {
            "value": "SetGlobalVariableAsBoolean"
          },
          "parameters": [
            "AttackTime",
            ""
          ]
        },
        {
          "type": {
            "value": "Create"
          },
          "parameters": [
            "",
            "crow",
            "SceneWindowHeight()",
            "SceneWindowWidth()",
            ""
          ]
        },
        {
          "type": {
            "value": "ChangeScale"
          },
          "parameters": [
            "crow",
            "/",
            "4"
          ]
        },
        {
          "type": {
            "value": "AjoutHasard"
          },
          "parameters": [
            "",
            "Plant"
          ]
        },
        {
          "type": {
            "value": "PathfindingBehavior::SetDestination"
          },
          "parameters": [
            "crow",
            "Pathfinding",
            "",
            "Plant.X()",
            "Plant.Y()"
          ]
        },
        {
          "type": {
            "value": "SetObjectVariableAsBoolean"
          },
          "parameters": [
            "crow",
            "hasTarget",
            "True"
          ]
        },
        {
          "type": {
            "value": "ModVarGlobal"
          },
          "parameters": [
            "#ofCrows",
            "+",
            "1"
          ]
        },
        {
          "type": {
            "value": "ResetTimer"
          },
          "parameters": [
            "",
            "\"crowCountdown\""
          ]
        }
      ]
    },
    {
      "type": "BuiltinCommonInstructions::Standard",
      "conditions": [
        {
          "type": {
            "value": "CollisionNP"
          },
          "parameters": [
            "crow",
            "Plant",
            "",
            "",
            ""
          ]
        },
        {
          "type": {
            "value": "CollisionNP"
          },
          "parameters": [
            "crow",
            "Soil",
            "",
            "",
            ""
          ]
        }
      ],
      "actions": [
        {
          "type": {
            "value": "Delete"
          },
          "parameters": [
            "Plant",
            ""
          ]
        },
        {
          "type": {
            "value": "Delete"
          },
          "parameters": [
            "crow",
            ""
          ]
        },
        {
          "type": {
            "value": "ModVarGlobal"
          },
          "parameters": [
            "#ofCrows",
            "-",
            "1"
          ]
        },
        {
          "type": {
            "value": "SetObjectVariableAsBoolean"
          },
          "parameters": [
            "Soil",
            "hasPlant",
            "False"
          ]
        }
      ]
    },
    {
      "type": "BuiltinCommonInstructions::Standard",
      "conditions": [
        {
          "type": {
            "value": "ObjectVariableAsBoolean"
          },
          "parameters": [
            "Fence",
            "hasCircle",
            ""
          ]
        }
      ],
      "actions": [
        {
          "type": {
            "value": "SetObjectVariableAsBoolean"
          },
          "parameters": [
            "Fence",
            "hasCircle",
            "True"
          ]
        },
        {
          "type": {
            "value": "Create"
          },
          "parameters": [
            "crow",
            "scareCrowCollisionDetection",
            "Fence.X()",
            "Fence.Y()",
            ""
          ]
        }
      ]
    },
    {
      "type": "BuiltinCommonInstructions::Standard",
      "conditions": [
        {
          "type": {
            "value": "CollisionNP"
          },
          "parameters": [
            "crow",
            "scareCrowCollisionDetection",
            "",
            "",
            ""
          ]
        }
      ],
      "actions": [
        {
          "type": {
            "value": "Delete"
          },
          "parameters": [
            "crow",
            ""
          ]
        },
        {
          "type": {
            "value": "ModVarGlobal"
          },
          "parameters": [
            "#ofCrows",
            "-",
            "1"
          ]
        }
      ]
    },
    {
      "type": "BuiltinCommonInstructions::Standard",
      "conditions": [
        {
          "type": {
            "value": "ObjectVariableAsBoolean"
          },
          "parameters": [
            "ScareCrow",
            "hasCircle",
            ""
          ]
        }
      ],
      "actions": [
        {
          "type": {
            "value": "SetObjectVariableAsBoolean"
          },
          "parameters": [
            "ScareCrow",
            "hasCircle",
            "True"
          ]
        },
        {
          "type": {
            "value": "Create"
          },
          "parameters": [
            "crow",
            "scareCrowCollisionDetection",
            "ScareCrow.X()",
            "ScareCrow.Y()",
            ""
          ]
        }
      ]
    },
    {
      "type": "BuiltinCommonInstructions::Standard",
      "conditions": [],
      "actions": [
        {
          "type": {
            "value": "CentreCamera"
          },
          "parameters": [
            "",
            "Farmer",
            "",
            "",
            ""
          ]
        }
      ]
    },
    {
      "colorB": 228,
      "colorG": 176,
      "colorR": 74,
      "creationTime": 0,
      "name": "Buildings",
      "source": "",
      "type": "BuiltinCommonInstructions::Group",
      "events": [],
      "parameters": []
    },
    {
      "type": "BuiltinCommonInstructions::Standard",
      "conditions": [
        {
          "type": {
            "value": "CollisionNP"
          },
          "parameters": [
            "Farmer",
            "Market",
            "",
            "",
            ""
          ]
        }
      ],
      "actions": [
        {
          "type": {
            "value": "Scene"
          },
          "parameters": [
            "",
            "\"Store\"",
            ""
          ]
        }
      ]
    },
    {
      "type": "BuiltinCommonInstructions::Comment",
      "color": {
        "b": 109,
        "g": 230,
        "r": 255,
        "textB": 0,
        "textG": 0,
        "textR": 0
      },
      "comment": "Variables & Forever Loops",
      "comment2": ""
    },
    {
      "type": "BuiltinCommonInstructions::Standard",
      "conditions": [],
      "actions": [
        {
          "type": {
            "value": "TextObject::String"
          },
          "parameters": [
            "Money",
            "=",
            "\"Money: \" + ToString(GlobalVariable(money))"
          ]
        },
        {
          "type": {
            "value": "TextObject::String"
          },
          "parameters": [
            "NewText",
            "=",
            "\"Plants: \" + ToString(GlobalVariable(inventory.#ofPlants))"
          ]
        },
        {
          "type": {
            "value": "TextObject::String"
          },
          "parameters": [
            "CornSeedsText",
            "=",
            "\"Seeds: \" + ToString(GlobalVariable(inventory.#ofSeeds))"
          ]
        }
      ]
    },
    {
      "type": "BuiltinCommonInstructions::Standard",
      "conditions": [],
      "actions": []
    }
  ],
  "layers": [
    {
      "ambientLightColorB": 0,
      "ambientLightColorG": 8005920,
      "ambientLightColorR": 16,
      "followBaseLayerCamera": false,
      "isLightingLayer": false,
      "name": "",
      "visibility": true,
      "cameras": [
        {
          "defaultSize": true,
          "defaultViewport": true,
          "height": 0,
          "viewportBottom": 1,
          "viewportLeft": 0,
          "viewportRight": 1,
          "viewportTop": 0,
          "width": 0
        }
      ],
      "effects": []
    },
    {
      "ambientLightColorB": 10255232,
      "ambientLightColorG": 6046016,
      "ambientLightColorR": 10250256,
      "followBaseLayerCamera": false,
      "isLightingLayer": false,
      "name": "Ui",
      "visibility": true,
      "cameras": [],
      "effects": []
    }
  ],
  "behaviorsSharedData": [
    {
      "name": "Pathfinding",
      "type": "PathfindingBehavior::PathfindingBehavior"
    },
    {
      "name": "TopDownMovement",
      "type": "TopDownMovementBehavior::TopDownMovementBehavior"
    }
  ]
}