{
  "associatedLayout": "Untitled scene",
  "lastChangeTimeStamp": 0,
  "name": "Crow",
  "events": [
    {
      "type": "BuiltinCommonInstructions::Standard",
      "conditions": [
        {
          "type": {
            "value": "GlobalVariableAsBoolean"
          },
          "parameters": [
            "AttackTime",
            "True"
          ]
        }
      ],
      "actions": [
        {
          "type": {
            "value": "AjoutHasard"
          },
          "parameters": [
            "",
            "Plant"
          ]
        },
        {
          "type": {
            "value": "PathfindingBehavior::SetDestination"
          },
          "parameters": [
            "crow",
            "Pathfinding",
            "",
            "Plant.X()",
            "Plant.Y()"
          ]
        }
      ]
    },
    {
      "type": "BuiltinCommonInstructions::Standard",
      "conditions": [
        {
          "type": {
            "value": "CollisionNP"
          },
          "parameters": [
            "Plant",
            "crow",
            "",
            "",
            ""
          ]
        }
      ],
      "actions": [
        {
          "type": {
            "value": "Delete"
          },
          "parameters": [
            "Plant",
            ""
          ]
        }
      ]
    }
  ]
}