{
  "associatedLayout": "Untitled scene",
  "lastChangeTimeStamp": 0,
  "name": "Invetory",
  "events": [
    {
      "type": "BuiltinCommonInstructions::Standard",
      "conditions": [
        {
          "type": {
            "value": "DepartScene"
          },
          "parameters": [
            ""
          ]
        }
      ],
      "actions": [],
      "events": [
        {
          "type": "BuiltinCommonInstructions::Repeat",
          "repeatExpression": "#ofPlants",
          "conditions": [],
          "actions": [
            {
              "type": {
                "value": "Inventory::Add"
              },
              "parameters": [
                "",
                "ToString(GlobalVariable(inventory))",
                "\"Plant\""
              ]
            }
          ]
        }
      ]
    },
    {
      "type": "BuiltinCommonInstructions::Standard",
      "conditions": [],
      "actions": []
    }
  ]
}