{
  "firstLayout": "",
  "gdVersion": {
    "build": 99,
    "major": 4,
    "minor": 0,
    "revision": 0
  },
  "properties": {
    "adaptGameResolutionAtRuntime": true,
    "folderProject": true,
    "orientation": "landscape",
    "packageName": "com.example.gamename",
    "pixelsRounding": false,
    "projectUuid": "ab41038d-6a92-4dff-916b-ca7fa27e0d19",
    "scaleMode": "linear",
    "sizeOnStartupMode": "adaptWidth",
    "templateSlug": "",
    "useExternalSourceFiles": false,
    "version": "1.0.0",
    "name": "Farming System Test",
    "description": "",
    "author": "",
    "windowWidth": 800,
    "windowHeight": 600,
    "latestCompilationDirectory": "",
    "maxFPS": 60,
    "minFPS": 20,
    "verticalSync": false,
    "platformSpecificAssets": {},
    "loadingScreen": {
      "backgroundColor": 0,
      "backgroundFadeInDuration": 0.2,
      "backgroundImageResourceName": "",
      "gdevelopLogoStyle": "light",
      "logoAndProgressFadeInDuration": 0.2,
      "logoAndProgressLogoFadeInDelay": 0.2,
      "minDuration": 1.5,
      "progressBarColor": 16777215,
      "progressBarHeight": 20,
      "progressBarMaxWidth": 200,
      "progressBarMinWidth": 40,
      "progressBarWidthPercent": 30,
      "showGDevelopSplash": true,
      "showProgressBar": true
    },
    "authorIds": [],
    "categories": [],
    "playableDevices": [],
    "extensionProperties": [],
    "platforms": [
      {
        "name": "GDevelop JS platform"
      }
    ],
    "currentPlatform": "GDevelop JS platform"
  },
  "resources": {
    "resources": [
      {
        "alwaysLoaded": false,
        "file": "Drawing.sketchpad (27).png",
        "kind": "image",
        "metadata": "",
        "name": "Drawing.sketchpad (27).png",
        "smoothed": true,
        "userAdded": true
      },
      {
        "alwaysLoaded": false,
        "file": "Drawing.sketchpad (28).png",
        "kind": "image",
        "metadata": "",
        "name": "Drawing.sketchpad (28).png",
        "smoothed": true,
        "userAdded": true
      },
      {
        "alwaysLoaded": false,
        "file": "Drawing.sketchpad (29).png",
        "kind": "image",
        "metadata": "",
        "name": "Drawing.sketchpad (29).png",
        "smoothed": true,
        "userAdded": true
      },
      {
        "alwaysLoaded": false,
        "file": "assets/Box2_Break_1.png",
        "kind": "image",
        "metadata": "",
        "name": "Box2_Break_1.png",
        "smoothed": false,
        "userAdded": false,
        "origin": {
          "identifier": "https://resources.gdevelop-app.com/assets/Pixel Adventure Pack/Items/Boxes/Box2_Break_1.png",
          "name": "gdevelop-asset-store"
        }
      },
      {
        "alwaysLoaded": false,
        "file": "assets/Box2_Break_2.png",
        "kind": "image",
        "metadata": "",
        "name": "Box2_Break_2.png",
        "smoothed": false,
        "userAdded": false,
        "origin": {
          "identifier": "https://resources.gdevelop-app.com/assets/Pixel Adventure Pack/Items/Boxes/Box2_Break_2.png",
          "name": "gdevelop-asset-store"
        }
      },
      {
        "alwaysLoaded": false,
        "file": "assets/Box2_Break_3.png",
        "kind": "image",
        "metadata": "",
        "name": "Box2_Break_3.png",
        "smoothed": false,
        "userAdded": false,
        "origin": {
          "identifier": "https://resources.gdevelop-app.com/assets/Pixel Adventure Pack/Items/Boxes/Box2_Break_3.png",
          "name": "gdevelop-asset-store"
        }
      },
      {
        "alwaysLoaded": false,
        "file": "assets/Box2_Break_4.png",
        "kind": "image",
        "metadata": "",
        "name": "Box2_Break_4.png",
        "smoothed": false,
        "userAdded": false,
        "origin": {
          "identifier": "https://resources.gdevelop-app.com/assets/Pixel Adventure Pack/Items/Boxes/Box2_Break_4.png",
          "name": "gdevelop-asset-store"
        }
      },
      {
        "alwaysLoaded": false,
        "file": "assets/Box2_Hit_1.png",
        "kind": "image",
        "metadata": "",
        "name": "Box2_Hit_1.png",
        "smoothed": false,
        "userAdded": false,
        "origin": {
          "identifier": "https://resources.gdevelop-app.com/assets/Pixel Adventure Pack/Items/Boxes/Box2_Hit_1.png",
          "name": "gdevelop-asset-store"
        }
      },
      {
        "alwaysLoaded": false,
        "file": "assets/Box2_Hit_2.png",
        "kind": "image",
        "metadata": "",
        "name": "Box2_Hit_2.png",
        "smoothed": false,
        "userAdded": false,
        "origin": {
          "identifier": "https://resources.gdevelop-app.com/assets/Pixel Adventure Pack/Items/Boxes/Box2_Hit_2.png",
          "name": "gdevelop-asset-store"
        }
      },
      {
        "alwaysLoaded": false,
        "file": "assets/Box2_Hit_3.png",
        "kind": "image",
        "metadata": "",
        "name": "Box2_Hit_3.png",
        "smoothed": false,
        "userAdded": false,
        "origin": {
          "identifier": "https://resources.gdevelop-app.com/assets/Pixel Adventure Pack/Items/Boxes/Box2_Hit_3.png",
          "name": "gdevelop-asset-store"
        }
      },
      {
        "alwaysLoaded": false,
        "file": "assets/Box2_Hit_4.png",
        "kind": "image",
        "metadata": "",
        "name": "Box2_Hit_4.png",
        "smoothed": false,
        "userAdded": false,
        "origin": {
          "identifier": "https://resources.gdevelop-app.com/assets/Pixel Adventure Pack/Items/Boxes/Box2_Hit_4.png",
          "name": "gdevelop-asset-store"
        }
      },
      {
        "alwaysLoaded": false,
        "file": "assets/Box2_Idle.png",
        "kind": "image",
        "metadata": "",
        "name": "Box2_Idle.png",
        "smoothed": false,
        "userAdded": false,
        "origin": {
          "identifier": "https://resources.gdevelop-app.com/assets/Pixel Adventure Pack/Items/Boxes/Box2_Idle.png",
          "name": "gdevelop-asset-store"
        }
      },
      {
        "alwaysLoaded": false,
        "file": "assets/Green plant (6).png",
        "kind": "image",
        "metadata": "",
        "name": "Green plant (6).png",
        "smoothed": true,
        "userAdded": false,
        "origin": {
          "identifier": "https://resources.gdevelop-app.com/assets/Abstract Platformer Pack (370 assets)/PNG/Other/Green plant (6).png",
          "name": "gdevelop-asset-store"
        }
      },
      {
        "alwaysLoaded": false,
        "file": "Drawing.sketchpad (29)2.png",
        "kind": "image",
        "metadata": "",
        "name": "Drawing.sketchpad (29)2.png",
        "smoothed": true,
        "userAdded": true
      },
      {
        "alwaysLoaded": false,
        "file": "Drawing.sketchpad (28)2.png",
        "kind": "image",
        "metadata": "",
        "name": "Drawing.sketchpad (28)2.png",
        "smoothed": true,
        "userAdded": true
      },
      {
        "alwaysLoaded": false,
        "file": "Drawing.sketchpad (27)2.png",
        "kind": "image",
        "metadata": "",
        "name": "Drawing.sketchpad (27)2.png",
        "smoothed": true,
        "userAdded": true
      },
      {
        "alwaysLoaded": false,
        "file": "Drawing.sketchpad (26).png",
        "kind": "image",
        "metadata": "",
        "name": "Drawing.sketchpad (26).png",
        "smoothed": true,
        "userAdded": true
      },
      {
        "alwaysLoaded": false,
        "file": "Drawing.sketchpad (25).png",
        "kind": "image",
        "metadata": "",
        "name": "Drawing.sketchpad (25).png",
        "smoothed": true,
        "userAdded": true
      },
      {
        "alwaysLoaded": false,
        "file": "Drawing.sketchpad (30).png",
        "kind": "image",
        "metadata": "",
        "name": "Drawing.sketchpad (30).png",
        "smoothed": true,
        "userAdded": true
      },
      {
        "alwaysLoaded": false,
        "file": "Drawing.sketchpad (31).png",
        "kind": "image",
        "metadata": "",
        "name": "Drawing.sketchpad (31).png",
        "smoothed": true,
        "userAdded": true
      },
      {
        "alwaysLoaded": false,
        "file": "Drawing.sketchpad (32).png",
        "kind": "image",
        "metadata": "",
        "name": "Drawing.sketchpad (32).png",
        "smoothed": true,
        "userAdded": true
      },
      {
        "alwaysLoaded": false,
        "file": "Drawing.sketchpad (33).png",
        "kind": "image",
        "metadata": "",
        "name": "Drawing.sketchpad (33).png",
        "smoothed": true,
        "userAdded": true
      },
      {
        "alwaysLoaded": false,
        "file": "Drawing.sketchpad (34).png",
        "kind": "image",
        "metadata": "",
        "name": "Drawing.sketchpad (34).png",
        "smoothed": true,
        "userAdded": true
      },
      {
        "alwaysLoaded": false,
        "file": "Drawing.sketchpad (35).png",
        "kind": "image",
        "metadata": "",
        "name": "Drawing.sketchpad (35).png",
        "smoothed": true,
        "userAdded": true
      },
      {
        "alwaysLoaded": false,
        "file": "Drawing.sketchpad (36).png",
        "kind": "image",
        "metadata": "",
        "name": "Drawing.sketchpad (36).png",
        "smoothed": true,
        "userAdded": true
      },
      {
        "alwaysLoaded": false,
        "file": "Drawing.sketchpad (37).png",
        "kind": "image",
        "metadata": "",
        "name": "Drawing.sketchpad (37).png",
        "smoothed": true,
        "userAdded": true
      },
      {
        "alwaysLoaded": false,
        "file": "assets/Summer Tile Dirt Corner Right.png",
        "kind": "image",
        "metadata": "",
        "name": "Summer Tile Dirt Corner Right.png",
        "smoothed": true,
        "userAdded": false,
        "origin": {
          "identifier": "https://resources.gdevelop-app.com/assets/pzUH Pack/Worlds/Summer/Summer Tile Dirt Corner Right.png",
          "name": "gdevelop-asset-store"
        }
      },
      {
        "alwaysLoaded": false,
        "file": "assets/fence.png",
        "kind": "image",
        "metadata": "",
        "name": "fence.png",
        "smoothed": true,
        "userAdded": false,
        "origin": {
          "identifier": "https://resources.gdevelop-app.com/assets/Abstract Platformer Pack (370 assets)/PNG/Other/fence.png",
          "name": "gdevelop-asset-store"
        }
      },
      {
        "alwaysLoaded": false,
        "file": "assets/fence_Broken.png",
        "kind": "image",
        "metadata": "",
        "name": "fence_Broken.png",
        "smoothed": true,
        "userAdded": false,
        "origin": {
          "identifier": "https://resources.gdevelop-app.com/assets/Abstract Platformer Pack (370 assets)/PNG/Other/fence_Broken.png",
          "name": "gdevelop-asset-store"
        }
      },
      {
        "alwaysLoaded": false,
        "file": "assets/fence_Open.png",
        "kind": "image",
        "metadata": "",
        "name": "fence_Open.png",
        "smoothed": true,
        "userAdded": false,
        "origin": {
          "identifier": "https://resources.gdevelop-app.com/assets/Abstract Platformer Pack (370 assets)/PNG/Other/fence_Open.png",
          "name": "gdevelop-asset-store"
        }
      },
      {
        "alwaysLoaded": false,
        "file": "Drawing.png",
        "kind": "image",
        "metadata": "",
        "name": "Drawing.png",
        "smoothed": true,
        "userAdded": true
      },
      {
        "alwaysLoaded": false,
        "file": "assets/Farmer Hat.png",
        "kind": "image",
        "metadata": "",
        "name": "Farmer Hat.png",
        "smoothed": false,
        "userAdded": false,
        "origin": {
          "identifier": "https://resources.gdevelop-app.com/assets/Wesxdz Game Assets/skullcup/Props/Farmer Hat.png",
          "name": "gdevelop-asset-store"
        }
      },
      {
        "alwaysLoaded": false,
        "file": "Scarecrow4.png",
        "kind": "image",
        "metadata": "",
        "name": "Scarecrow4.png",
        "smoothed": true,
        "userAdded": true
      },
      {
        "alwaysLoaded": false,
        "file": "50897493-cee2-4dcd-910f-4e8e8c49841b.sketchpad.png",
        "kind": "image",
        "metadata": "",
        "name": "50897493-cee2-4dcd-910f-4e8e8c49841b.sketchpad.png",
        "smoothed": true,
        "userAdded": true
      },
      {
        "alwaysLoaded": false,
        "file": "50897493-cee2-4dcd-910f-4e8e8c49841b.sketchpad (1).png",
        "kind": "image",
        "metadata": "",
        "name": "50897493-cee2-4dcd-910f-4e8e8c49841b.sketchpad (1).png",
        "smoothed": true,
        "userAdded": true
      },
      {
        "alwaysLoaded": false,
        "file": "seed.png",
        "kind": "image",
        "metadata": "",
        "name": "seed.png",
        "smoothed": true,
        "userAdded": true
      },
      {
        "alwaysLoaded": false,
        "file": "assets/Large Buy Button.png",
        "kind": "image",
        "metadata": "",
        "name": "Large Buy Button.png",
        "smoothed": true,
        "userAdded": false,
        "origin": {
          "identifier": "https://resources.gdevelop-app.com/assets/Interface/Casual Buttons Pack/Large Buy Button.png",
          "name": "gdevelop-asset-store"
        }
      },
      {
        "alwaysLoaded": false,
        "file": "assets/Large Exit Button.png",
        "kind": "image",
        "metadata": "",
        "name": "Large Exit Button.png",
        "smoothed": true,
        "userAdded": false,
        "origin": {
          "identifier": "https://resources.gdevelop-app.com/assets/Interface/Casual Buttons Pack/Large Exit Button.png",
          "name": "gdevelop-asset-store"
        }
      },
      {
        "alwaysLoaded": false,
        "file": "free.png",
        "kind": "image",
        "metadata": "",
        "name": "free.png",
        "smoothed": true,
        "userAdded": true
      },
      {
        "alwaysLoaded": false,
        "file": "../free version/free.png",
        "kind": "image",
        "metadata": "",
        "name": "../free version/free.png",
        "smoothed": true,
        "userAdded": true
      },
      {
        "alwaysLoaded": false,
        "file": "free2.png",
        "kind": "image",
        "metadata": "",
        "name": "free2.png",
        "smoothed": true,
        "userAdded": true
      },
      {
        "alwaysLoaded": false,
        "file": "free3.png",
        "kind": "image",
        "metadata": "",
        "name": "free3.png",
        "smoothed": true,
        "userAdded": true
      },
      {
        "alwaysLoaded": false,
        "file": "Summer Tile Dirt Corner Right2.png",
        "kind": "image",
        "metadata": "",
        "name": "Summer Tile Dirt Corner Right2.png",
        "smoothed": true,
        "userAdded": false
      }
    ],
    "resourceFolders": []
  },
  "objects": [],
  "objectsGroups": [],
  "variables": [
    {
      "folded": true,
      "name": "AttackTime",
      "type": "boolean",
      "value": false
    },
    {
      "folded": true,
      "name": "#ofCrows",
      "type": "number",
      "value": 4
    },
    {
      "folded": true,
      "name": "money",
      "type": "number",
      "value": 1000
    },
    {
      "name": "inventory",
      "type": "structure",
      "children": [
        {
          "folded": true,
          "name": "#ofCornSeeds",
          "type": "number",
          "value": 3
        },
        {
          "folded": true,
          "name": "#ofPlants",
          "type": "number",
          "value": 0
        },
        {
          "name": "#ofWheatSeeds",
          "type": "number",
          "value": 3
        }
      ]
    },
    {
      "folded": true,
      "name": "Variable",
      "type": "string",
      "value": ""
    },
    {
      "folded": true,
      "name": "selectedSeed",
      "type": "number",
      "value": 1
    }
  ],
  "layouts": [
    {
      "__REFERENCE_TO_SPLIT_OBJECT": true,
      "referenceTo": "/layouts/untitled-scene"
    },
    {
      "__REFERENCE_TO_SPLIT_OBJECT": true,
      "referenceTo": "/layouts/menu"
    },
    {
      "__REFERENCE_TO_SPLIT_OBJECT": true,
      "referenceTo": "/layouts/store"
    }
  ],
  "externalEvents": [
    {
      "__REFERENCE_TO_SPLIT_OBJECT": true,
      "referenceTo": "/externalEvents/crow"
    },
    {
      "__REFERENCE_TO_SPLIT_OBJECT": true,
      "referenceTo": "/externalEvents/invetory"
    }
  ],
  "eventsFunctionsExtensions": [],
  "externalLayouts": [],
  "externalSourceFiles": []
}